{
  "statistics": {
    "counts": {
      "P_unknown": 42,
      "P4": 7,
      "Pa": 9,
      "P3": 13,
      "P2": 1
    },
    "fractions": {
      "PS4^3-": 29.166666666666668,
      "PS3^-": 54.166666666666664,
      "P2S7^4- (dimer)": 16.666666666666668,
      "P2S6^4- (dumbbell)": 0.0
    },
    "total_p": 72,
    "total_units": 24
  },
  "classifications": {
    "0": {
      "type": "P_unknown",
      "label": "Unknown (P0S1)",
      "coordination": 1,
      "n_p": 0,
      "n_s": 1,
      "coords": [
        0.17436053124502582,
        6.252897486103496,
        2.638215994079649
      ]
    },
    "1": {
      "type": "P4",
      "label": "PS4^3-",
      "coordination": 4,
      "n_p": 0,
      "n_s": 4,
      "coords": [
        1.1937659972949002,
        5.404304523081786,
        13.693126981278187
      ]
    },
    "2": {
      "type": "Pa",
      "label": "P2S7^4- (dimer)",
      "coordination": 4,
      "n_p": 1,
      "n_s": 3,
      "coords": [
        -5.83821125884979,
        23.63862179573809,
        -7.723234240492339
      ]
    },
    "3": {
      "type": "P_unknown",
      "label": "Unknown (P1S1)",
      "coordination": 2,
      "n_p": 1,
      "n_s": 1,
      "coords": [
        0.3536003794197331,
        15.063417974636524,
        12.879550346481016
      ]
    },
    "4": {
      "type": "P3",
      "label": "PS3^-",
      "coordination": 3,
      "n_p": 0,
      "n_s": 3,
      "coords": [
        -4.290002332636462,
        24.61059620887134,
        -3.2833123051496997
      ]
    },
    "5": {
      "type": "P_unknown",
      "label": "Unknown (P0S2)",
      "coordination": 2,
      "n_p": 0,
      "n_s": 2,
      "coords": [
        -5.601910285262415,
        28.33328548785301,
        6.195342818864162
      ]
    },
    "6": {
      "type": "Pa",
      "label": "P2S7^4- (dimer)",
      "coordination": 4,
      "n_p": 1,
      "n_s": 3,
      "coords": [
        7.849769101211798,
        5.715498930929645,
        -0.45029472257445935
      ]
    },
    "7": {
      "type": "P3",
      "label": "PS3^-",
      "coordination": 3,
      "n_p": 0,
      "n_s": 3,
      "coords": [
        6.257840081863485,
        10.151449991406821,
        13.024054343548201
      ]
    },
    "8": {
      "type": "P3",
      "label": "PS3^-",
      "coordination": 3,
      "n_p": 0,
      "n_s": 3,
      "coords": [
        4.997912636114023,
        17.20555459166413,
        -5.617181317423869
      ]
    },
    "9": {
      "type": "P4",
      "label": "PS4^3-",
      "coordination": 4,
      "n_p": 0,
      "n_s": 4,
      "coords": [
        3.32226700493725,
        16.66807773685553,
        8.543241851403902
      ]
    },
    "10": {
      "type": "P_unknown",
      "label": "Unknown (P0S5)",
      "coordination": 5,
      "n_p": 0,
      "n_s": 5,
      "coords": [
        0.251485662955492,
        28.41238066649518,
        -6.6203651868269375
      ]
    },
    "11": {
      "type": "P_unknown",
      "label": "Unknown (P1S1)",
      "coordination": 2,
      "n_p": 1,
      "n_s": 1,
      "coords": [
        -0.6258738617092732,
        25.631185344605807,
        11.064160593547644
      ]
    },
    "12": {
      "type": "Pa",
      "label": "P2S7^4- (dimer)",
      "coordination": 4,
      "n_p": 1,
      "n_s": 3,
      "coords": [
        3.686411349201855,
        7.929636687443451,
        2.1041087928151265
      ]
    },
    "13": {
      "type": "P_unknown",
      "label": "Unknown (P0S2)",
      "coordination": 2,
      "n_p": 0,
      "n_s": 2,
      "coords": [
        -0.1558252462441021,
        7.398487117610538,
        15.753270410918336
      ]
    },
    "14": {
      "type": "P_unknown",
      "label": "Unknown (P0S2)",
      "coordination": 2,
      "n_p": 0,
      "n_s": 2,
      "coords": [
        -0.6246952136498543,
        20.38991631663184,
        -3.3920689111805182
      ]
    },
    "15": {
      "type": "P_unknown",
      "label": "Unknown (P1S2)",
      "coordination": 3,
      "n_p": 1,
      "n_s": 2,
      "coords": [
        -0.22049938347571274,
        17.74406786836223,
        10.67771841321332
      ]
    },
    "16": {
      "type": "P3",
      "label": "PS3^-",
      "coordination": 3,
      "n_p": 0,
      "n_s": 3,
      "coords": [
        -3.023853883887332,
        31.108690424186946,
        0.06951525919835255
      ]
    },
    "17": {
      "type": "P3",
      "label": "PS3^-",
      "coordination": 3,
      "n_p": 0,
      "n_s": 3,
      "coords": [
        -4.841096188830838,
        25.51867770321045,
        12.271166170769224
      ]
    },
    "18": {
      "type": "P_unknown",
      "label": "Unknown (P1S2)",
      "coordination": 3,
      "n_p": 1,
      "n_s": 2,
      "coords": [
        9.160301306019395,
        7.830450279965668,
        0.9324273462871302
      ]
    },
    "19": {
      "type": "Pa",
      "label": "P2S7^4- (dimer)",
      "coordination": 4,
      "n_p": 1,
      "n_s": 3,
      "coords": [
        -2.248614254943615,
        14.583532073409291,
        14.4540726447251
      ]
    },
    "20": {
      "type": "P_unknown",
      "label": "Unknown (P1S4)",
      "coordination": 5,
      "n_p": 1,
      "n_s": 4,
      "coords": [
        -8.190014822684965,
        27.36153855893869,
        -2.357861182142172
      ]
    },
    "21": {
      "type": "Pa",
      "label": "P2S7^4- (dimer)",
      "coordination": 4,
      "n_p": 1,
      "n_s": 3,
      "coords": [
        -5.392681375209453,
        23.47344526242516,
        6.953760092727607
      ]
    },
    "22": {
      "type": "P_unknown",
      "label": "Unknown (P2S4)",
      "coordination": 6,
      "n_p": 2,
      "n_s": 4,
      "coords": [
        0.5147258906808059,
        31.88297698920177,
        -7.245921842185499
      ]
    },
    "23": {
      "type": "P_unknown",
      "label": "Unknown (P1S2)",
      "coordination": 3,
      "n_p": 1,
      "n_s": 2,
      "coords": [
        -6.929755161664123,
        27.877566612221948,
        13.914344266777844
      ]
    },
    "24": {
      "type": "P3",
      "label": "PS3^-",
      "coordination": 3,
      "n_p": 0,
      "n_s": 3,
      "coords": [
        2.625777968772457,
        2.4407204416288297,
        11.583556472419556
      ]
    },
    "25": {
      "type": "P_unknown",
      "label": "Unknown (P1S5)",
      "coordination": 6,
      "n_p": 1,
      "n_s": 5,
      "coords": [
        -3.214973555315325,
        32.97583414893506,
        -10.544156866307443
      ]
    },
    "26": {
      "type": "P_unknown",
      "label": "Unknown (P1S2)",
      "coordination": 3,
      "n_p": 1,
      "n_s": 2,
      "coords": [
        -0.00039232230432606485,
        16.049258801264948,
        9.053251785579013
      ]
    },
    "27": {
      "type": "P3",
      "label": "PS3^-",
      "coordination": 3,
      "n_p": 0,
      "n_s": 3,
      "coords": [
        -3.6839262953855156,
        21.689104672810423,
        11.554138542439985
      ]
    },
    "28": {
      "type": "P3",
      "label": "PS3^-",
      "coordination": 3,
      "n_p": 0,
      "n_s": 3,
      "coords": [
        -1.8698003261966232,
        23.73693666051267,
        2.441118357099228
      ]
    },
    "29": {
      "type": "P4",
      "label": "PS4^3-",
      "coordination": 4,
      "n_p": 0,
      "n_s": 4,
      "coords": [
        -4.571255555215865,
        32.710871495106815,
        7.666552276846117
      ]
    },
    "30": {
      "type": "P4",
      "label": "PS4^3-",
      "coordination": 4,
      "n_p": 0,
      "n_s": 4,
      "coords": [
        9.716294008370328,
        1.0637914315826147,
        13.333008752187416
      ]
    },
    "31": {
      "type": "Pa",
      "label": "P2S7^4- (dimer)",
      "coordination": 4,
      "n_p": 1,
      "n_s": 3,
      "coords": [
        0.9966139664581406,
        1.4863207277269088,
        19.859071759348847
      ]
    },
    "32": {
      "type": "P3",